Workbook
Name statistics_codes: #REF!

Sheet budget_forecast
A1: period | B1: Rehab | C1: Resurfacing | D1: Pre-Repairs | E1: Maintenance | F1: BlockRep | G1: ConcRep | H1: Xtreat
A2: 1 | B2: 999999999 | C2: 999999999 | D2: 999999999 | E2: 999999999 | F2: 999999999 | G2: 999999999 | H2: 999999999
A3: 2 | B3: 999999999 | C3: 999999999 | D3: 999999999 | E3: 999999999 | F3: 999999999 | G3: 999999999 | H3: 999999999
A4: 3 | B4: 999999999 | C4: 999999999 | D4: 999999999 | E4: 999999999 | F4: 999999999 | G4: 999999999 | H4: 999999999
A5: 4 | B5: 999999999 | C5: 999999999 | D5: 999999999 | E5: 999999999 | F5: 999999999 | G5: 999999999 | H5: 999999999
A6: 5 | B6: 999999999 | C6: 999999999 | D6: 999999999 | E6: 999999999 | F6: 999999999 | G6: 999999999 | H6: 999999999
A7: 6 | B7: 999999999 | C7: 999999999 | D7: 999999999 | E7: 999999999 | F7: 999999999 | G7: 999999999 | H7: 999999999
A8: 7 | B8: 999999999 | C8: 999999999 | D8: 999999999 | E8: 999999999 | F8: 999999999 | G8: 999999999 | H8: 999999999
A9: 8 | B9: 999999999 | C9: 999999999 | D9: 999999999 | E9: 999999999 | F9: 999999999 | G9: 999999999 | H9: 999999999
A10: 9 | B10: 999999999 | C10: 999999999 | D10: 999999999 | E10: 999999999 | F10: 999999999 | G10: 999999999 | H10: 999999999
A11: 10 | B11: 999999999 | C11: 999999999 | D11: 999999999 | E11: 999999999 | F11: 999999999 | G11: 999999999 | H11: 999999999
A12: 11 | B12: 999999999 | C12: 999999999 | D12: 999999999 | E12: 999999999 | F12: 999999999 | G12: 999999999 | H12: 999999999
A13: 12 | B13: 999999999 | C13: 999999999 | D13: 999999999 | E13: 999999999 | F13: 999999999 | G13: 999999999 | H13: 999999999
... A36: 35 | B36: 999999999 | C36: 999999999 | D36: 999999999 | E36: 999999999 | F36: 999999999 | G36: 999999999 | H36: 999999999

Sheet summary
U2: cost | V2: Rehab | W2: Resurfacing | Z2: pre repairs | AA2: Rehab | AB2: resurfacing
M3: period | N3: budget_category | O3: total | R3: 1 | S3: Resurfacing | T3: =R3&"_"&S3 -> 1_Resurfacing | U3: =VLOOKUP(T3,$L$4:$O$93,4,FALSE) -> 22936594 | Z3: 26949286 | AA3: 32147563 | AB3: 22936594
E4: Rehab | F4: Resurfacing | G4: Pre-Repairs | L4: =M4&"_"&N4 -> 1_Pre-Repairs | M4: 1 | N4: Pre-Repairs | O4: 26949286 | R4: 2 | S4: Resurfacing | T4: =R4&"_"&S4 -> 2_Resurfacing | U4: =VLOOKUP(T4,$L$4:$O$93,4,FALSE) -> 22533192 | Z4: 27708052 | AA4: 32332138 | AB4: 22533192
D5: current | E5: =AVERAGE(budget_current!B2:B31) -> 5041257 | F5: =AVERAGE(budget_current!C2:C31) -> 3553943 | G5: =AVERAGE(budget_current!D2:D31) -> 1776971.5 | L5: =M5&"_"&N5 -> 1_Rehab | M5: 1 | N5: Rehab | O5: 32147563 | R5: 3 | S5: Resurfacing | T5: =R5&"_"&S5 -> 3_Resurfacing | U5: =VLOOKUP(T5,$L$4:$O$93,4,FALSE) -> 30427470 | Z5: 30881494 | AA5: 40003603 | AB5: 30427470
D6: increased | E6: =AVERAGE(budget_increase!B2:B31) -> 6049508.4 | F6: =AVERAGE(budget_increase!C2:C31) -> 4264731.6 | G6: =AVERAGE(budget_increase!D2:D31) -> 2132365.8 | L6: =M6&"_"&N6 -> 1_Resurfacing | M6: 1 | N6: Resurfacing | O6: 22936594 | R6: 4 | S6: Resurfacing | T6: =R6&"_"&S6 -> 4_Resurfacing | U6: =VLOOKUP(T6,$L$4:$O$93,4,FALSE) -> 30607918 | Z6: 11727116 | AA6: 40562538 | AB6: 30607918
D7: optimal | E7: =AVERAGE(budget_optimal!B2:B31) -> 25206285 | F7: =AVERAGE(budget_optimal!C2:C31) -> 6000000 | G7: =AVERAGE(budget_optimal!D2:D31) -> 3500000 | L7: =M7&"_"&N7 -> 2_Pre-Repairs | M7: 2 | N7: Pre-Repairs | O7: 27708052 | R7: 5 | S7: Resurfacing | T7: =R7&"_"&S7 -> 5_Resurfacing | U7: =VLOOKUP(T7,$L$4:$O$93,4,FALSE) -> 33237485 | Z7: 5722595.5 | AA7: 33117023 | AB7: 33237485
L8: =M8&"_"&N8 -> 2_Rehab | M8: 2 | N8: Rehab | O8: 32332138 | R8: 6 | S8: Resurfacing | T8: =R8&"_"&S8 -> 6_Resurfacing | U8: =VLOOKUP(T8,$L$4:$O$93,4,FALSE) -> 38492712 | Z8: 18178689 | AA8: 35685974 | AB8: 38492712
L9: =M9&"_"&N9 -> 2_Resurfacing | M9: 2 | N9: Resurfacing | O9: 22533192 | R9: 7 | S9: Resurfacing | T9: =R9&"_"&S9 -> 7_Resurfacing | U9: =VLOOKUP(T9,$L$4:$O$93,4,FALSE) -> 41209742 | Z9: 14466232 | AA9: 47033561 | AB9: 41209742
L10: =M10&"_"&N10 -> 3_Pre-Repairs | M10: 3 | N10: Pre-Repairs | O10: 30881494 | R10: 8 | S10: Resurfacing | T10: =R10&"_"&S10 -> 8_Resurfacing | U10: =VLOOKUP(T10,$L$4:$O$93,4,FALSE) -> 41948800 | Z10: 15589346 | AA10: 44889429 | AB10: 41948800
L11: =M11&"_"&N11 -> 3_Rehab | M11: 3 | N11: Rehab | O11: 40003603 | R11: 9 | S11: Resurfacing | T11: =R11&"_"&S11 -> 9_Resurfacing | U11: =VLOOKUP(T11,$L$4:$O$93,4,FALSE) -> 50099895 | Z11: 20970340 | AA11: 46137618 | AB11: 50099895
L12: =M12&"_"&N12 -> 3_Resurfacing | M12: 3 | N12: Resurfacing | O12: 30427470 | R12: 10 | S12: Resurfacing | T12: =R12&"_"&S12 -> 10_Resurfacing | U12: =VLOOKUP(T12,$L$4:$O$93,4,FALSE) -> 52279253 | Z12: 13198493 | AA12: 47377914 | AB12: 52279253
L13: =M13&"_"&N13 -> 4_Pre-Repairs | M13: 4 | N13: Pre-Repairs | O13: 11727116 | R13: 11 | S13: Resurfacing | T13: =R13&"_"&S13 -> 11_Resurfacing | U13: =VLOOKUP(T13,$L$4:$O$93,4,FALSE) -> 73835413 | Z13: 19876164 | AA13: 39212914 | AB13: 73835413
L14: =M14&"_"&N14 -> 4_Rehab | M14: 4 | N14: Rehab | O14: 40562538 | R14: 12 | S14: Resurfacing | T14: =R14&"_"&S14 -> 12_Resurfacing | U14: =VLOOKUP(T14,$L$4:$O$93,4,FALSE) -> 57199803 | Z14: 18742433 | AA14: 39207354 | AB14: 57199803
L15: =M15&"_"&N15 -> 4_Resurfacing | M15: 4 | N15: Resurfacing | O15: 30607918 | R15: 13 | S15: Resurfacing | T15: =R15&"_"&S15 -> 13_Resurfacing | U15: =VLOOKUP(T15,$L$4:$O$93,4,FALSE) -> 39213191 | Z15: 21503156 | AA15: 39213036 | AB15: 39213191
L16: =M16&"_"&N16 -> 5_Pre-Repairs | M16: 5 | N16: Pre-Repairs | O16: 5722595.5 | R16: 14 | S16: Resurfacing | T16: =R16&"_"&S16 -> 14_Resurfacing | U16: =VLOOKUP(T16,$L$4:$O$93,4,FALSE) -> 39348688 | Z16: 18160573 | AA16: 39200460 | AB16: 39348688
L17: =M17&"_"&N17 -> 5_Rehab | M17: 5 | N17: Rehab | O17: 33117023 | R17: 15 | S17: Resurfacing | T17: =R17&"_"&S17 -> 15_Resurfacing | U17: =VLOOKUP(T17,$L$4:$O$93,4,FALSE) -> 22874734 | Z17: 8618708 | AA17: 39208887 | AB17: 22874734
L18: =M18&"_"&N18 -> 5_Resurfacing | M18: 5 | N18: Resurfacing | O18: 33237485 | R18: 16 | S18: Resurfacing | T18: =R18&"_"&S18 -> 16_Resurfacing | U18: =VLOOKUP(T18,$L$4:$O$93,4,FALSE) -> 30065550 | Z18: 23550752 | AA18: 39207246 | AB18: 30065550
L19: =M19&"_"&N19 -> 6_Pre-Repairs | M19: 6 | N19: Pre-Repairs | O19: 18178689 | R19: 17 | S19: Resurfacing | T19: =R19&"_"&S19 -> 17_Resurfacing | U19: =VLOOKUP(T19,$L$4:$O$93,4,FALSE) -> 40981180 | Z19: 23550635 | AA19: 39158320 | AB19: 40981180
... L32: =M32&"_"&N32 -> 10_Rehab | M32: 10 | N32: Rehab | O32: 47377914 | R32: 30 | S32: Resurfacing | T32: =R32&"_"&S32 -> 30_Resurfacing | U32: =VLOOKUP(T32,$L$4:$O$93,4,FALSE) -> 54780628 | Z32: 24159607 | AA32: 2337321 | AB32: 54780628
L33: =M33&"_"&N33 -> 10_Resurfacing | M33: 10 | N33: Resurfacing | O33: 52279253 | Z33: =AVERAGE(Z3:Z32) -> 18655031 | AA33: =AVERAGE(AA3:AA32) -> 30318261 | AB33: =AVERAGE(AB3:AB32) -> 42055482
L34: =M34&"_"&N34 -> 11_Pre-Repairs | M34: 11 | N34: Pre-Repairs | O34: 19876164
L35: =M35&"_"&N35 -> 11_Rehab | M35: 11 | N35: Rehab | O35: 39212914
L36: =M36&"_"&N36 -> 11_Resurfacing | M36: 11 | N36: Resurfacing | O36: 73835413
L37: =M37&"_"&N37 -> 12_Pre-Repairs | M37: 12 | N37: Pre-Repairs | O37: 18742433
L38: =M38&"_"&N38 -> 12_Rehab | M38: 12 | N38: Rehab | O38: 39207354
L39: =M39&"_"&N39 -> 12_Resurfacing | M39: 12 | N39: Resurfacing | O39: 57199803
L40: =M40&"_"&N40 -> 13_Pre-Repairs | M40: 13 | N40: Pre-Repairs | O40: 21503156
L41: =M41&"_"&N41 -> 13_Rehab | M41: 13 | N41: Rehab | O41: 39213036
L42: =M42&"_"&N42 -> 13_Resurfacing | M42: 13 | N42: Resurfacing | O42: 39213191
L43: =M43&"_"&N43 -> 14_Pre-Repairs | M43: 14 | N43: Pre-Repairs | O43: 18160573
L44: =M44&"_"&N44 -> 14_Rehab | M44: 14 | N44: Rehab | O44: 39200460
L45: =M45&"_"&N45 -> 14_Resurfacing | M45: 14 | N45: Resurfacing | O45: 39348688
... L93: =M93&"_"&N93 -> 30_Resurfacing | M93: 30 | N93: Resurfacing | O93: 54780628

Sheet budget_increase
A1: period | B1: Rehab | C1: Resurfacing | D1: Pre-Repairs | E1: Maintenance | F1: BlockRep | G1: ConcRep | H1: Xtreat
A2: 1 | B2: =budget_current!B2*budget_increase!$B$33 -> 6049508.4 | C2: =budget_current!C2*budget_increase!$B$33 -> 4264731.6 | D2: =budget_current!D2*budget_increase!$B$33 -> 2132365.8 | E2: 999999999 | F2: 999999999 | G2: 999999999 | H2: 999999999
A3: 2 | B3: =budget_current!B3*budget_increase!$B$33 -> 6049508.4 | C3: =budget_current!C3*budget_increase!$B$33 -> 4264731.6 | D3: =budget_current!D3*budget_increase!$B$33 -> 2132365.8 | E3: 999999999 | F3: 999999999 | G3: 999999999 | H3: 999999999
A4: 3 | B4: =budget_current!B4*budget_increase!$B$33 -> 6049508.4 | C4: =budget_current!C4*budget_increase!$B$33 -> 4264731.6 | D4: =budget_current!D4*budget_increase!$B$33 -> 2132365.8 | E4: 999999999 | F4: 999999999 | G4: 999999999 | H4: 999999999
A5: 4 | B5: =budget_current!B5*budget_increase!$B$33 -> 6049508.4 | C5: =budget_current!C5*budget_increase!$B$33 -> 4264731.6 | D5: =budget_current!D5*budget_increase!$B$33 -> 2132365.8 | E5: 999999999 | F5: 999999999 | G5: 999999999 | H5: 999999999
A6: 5 | B6: =budget_current!B6*budget_increase!$B$33 -> 6049508.4 | C6: =budget_current!C6*budget_increase!$B$33 -> 4264731.6 | D6: =budget_current!D6*budget_increase!$B$33 -> 2132365.8 | E6: 999999999 | F6: 999999999 | G6: 999999999 | H6: 999999999
A7: 6 | B7: =budget_current!B7*budget_increase!$B$33 -> 6049508.4 | C7: =budget_current!C7*budget_increase!$B$33 -> 4264731.6 | D7: =budget_current!D7*budget_increase!$B$33 -> 2132365.8 | E7: 999999999 | F7: 999999999 | G7: 999999999 | H7: 999999999
A8: 7 | B8: =budget_current!B8*budget_increase!$B$33 -> 6049508.4 | C8: =budget_current!C8*budget_increase!$B$33 -> 4264731.6 | D8: =budget_current!D8*budget_increase!$B$33 -> 2132365.8 | E8: 999999999 | F8: 999999999 | G8: 999999999 | H8: 999999999
A9: 8 | B9: =budget_current!B9*budget_increase!$B$33 -> 6049508.4 | C9: =budget_current!C9*budget_increase!$B$33 -> 4264731.6 | D9: =budget_current!D9*budget_increase!$B$33 -> 2132365.8 | E9: 999999999 | F9: 999999999 | G9: 999999999 | H9: 999999999
A10: 9 | B10: =budget_current!B10*budget_increase!$B$33 -> 6049508.4 | C10: =budget_current!C10*budget_increase!$B$33 -> 4264731.6 | D10: =budget_current!D10*budget_increase!$B$33 -> 2132365.8 | E10: 999999999 | F10: 999999999 | G10: 999999999 | H10: 999999999
A11: 10 | B11: =budget_current!B11*budget_increase!$B$33 -> 6049508.4 | C11: =budget_current!C11*budget_increase!$B$33 -> 4264731.6 | D11: =budget_current!D11*budget_increase!$B$33 -> 2132365.8 | E11: 999999999 | F11: 999999999 | G11: 999999999 | H11: 999999999
A12: 11 | B12: =budget_current!B12*budget_increase!$B$33 -> 6049508.4 | C12: =budget_current!C12*budget_increase!$B$33 -> 4264731.6 | D12: =budget_current!D12*budget_increase!$B$33 -> 2132365.8 | E12: 999999999 | F12: 999999999 | G12: 999999999 | H12: 999999999
A13: 12 | B13: =budget_current!B13*budget_increase!$B$33 -> 6049508.4 | C13: =budget_current!C13*budget_increase!$B$33 -> 4264731.6 | D13: =budget_current!D13*budget_increase!$B$33 -> 2132365.8 | E13: 999999999 | F13: 999999999 | G13: 999999999 | H13: 999999999
... A31: 30 | B31: =budget_current!B31*budget_increase!$B$33 -> 6049508.4 | C31: =budget_current!C31*budget_increase!$B$33 -> 4264731.6 | D31: =budget_current!D31*budget_increase!$B$33 -> 2132365.8 | E31: 999999999 | F31: 999999999 | G31: 999999999 | H31: 999999999
B33: 1.2 | C33: 1.2 | D33: 1.2

Sheet budget_optimal
A1: period | B1: Rehab | C1: Resurfacing | D1: Pre-Repairs | E1: Maintenance | F1: BlockRep | G1: ConcRep | H1: Xtreat | K1: p | L1: Reh | M1: Resurf | N1: PreS
A2: 1 | B2: =budget_current!B2*budget_optimal!L2 -> 25206285 | C2: 6000000 | D2: 3500000 | E2: 999999999 | F2: 999999999 | G2: 999999999 | H2: 999999999 | J2: 2024 | K2: 1 | L2: 5 | M2: 5 | N2: 5
A3: 2 | B3: =budget_current!B3*budget_optimal!L3 -> 25206285 | C3: 6000000 | D3: 3500000 | E3: 999999999 | F3: 999999999 | G3: 999999999 | H3: 999999999 | J3: 2025 | K3: 2 | L3: 5 | M3: 5 | N3: 5
A4: 3 | B4: =budget_current!B4*budget_optimal!L4 -> 25206285 | C4: 6000000 | D4: 3500000 | E4: 999999999 | F4: 999999999 | G4: 999999999 | H4: 999999999 | J4: 2026 | K4: 3 | L4: 5 | M4: 5 | N4: 5
A5: 4 | B5: =budget_current!B5*budget_optimal!L5 -> 25206285 | C5: 6000000 | D5: 3500000 | E5: 999999999 | F5: 999999999 | G5: 999999999 | H5: 999999999 | J5: 2027 | K5: 4 | L5: 5 | M5: 5 | N5: 5
A6: 5 | B6: =budget_current!B6*budget_optimal!L6 -> 25206285 | C6: 6000000 | D6: 3500000 | E6: 999999999 | F6: 999999999 | G6: 999999999 | H6: 999999999 | J6: 2028 | K6: 5 | L6: 5 | M6: 5 | N6: 5
A7: 6 | B7: =budget_current!B7*budget_optimal!L7 -> 25206285 | C7: 6000000 | D7: 3500000 | E7: 999999999 | F7: 999999999 | G7: 999999999 | H7: 999999999 | J7: 2029 | K7: 6 | L7: 5 | M7: 5 | N7: 5
A8: 7 | B8: =budget_current!B8*budget_optimal!L8 -> 25206285 | C8: 6000000 | D8: 3500000 | E8: 999999999 | F8: 999999999 | G8: 999999999 | H8: 999999999 | J8: 2030 | K8: 7 | L8: 5 | M8: 5 | N8: 5
A9: 8 | B9: =budget_current!B9*budget_optimal!L9 -> 25206285 | C9: 6000000 | D9: 3500000 | E9: 999999999 | F9: 999999999 | G9: 999999999 | H9: 999999999 | J9: 2031 | K9: 8 | L9: 5 | M9: 5 | N9: 5
A10: 9 | B10: =budget_current!B10*budget_optimal!L10 -> 25206285 | C10: 6000000 | D10: 3500000 | E10: 999999999 | F10: 999999999 | G10: 999999999 | H10: 999999999 | J10: 2032 | K10: 9 | L10: 5 | M10: 5 | N10: 5
A11: 10 | B11: =budget_current!B11*budget_optimal!L11 -> 25206285 | C11: 6000000 | D11: 3500000 | E11: 999999999 | F11: 999999999 | G11: 999999999 | H11: 999999999 | J11: 2033 | K11: 10 | L11: 5 | M11: 5 | N11: 5
A12: 11 | B12: =budget_current!B12*budget_optimal!L12 -> 25206285 | C12: 6000000 | D12: 3500000 | E12: 999999999 | F12: 999999999 | G12: 999999999 | H12: 999999999 | J12: 2034 | K12: 11 | L12: 5 | M12: 5 | N12: 5
A13: 12 | B13: =budget_current!B13*budget_optimal!L13 -> 25206285 | C13: 6000000 | D13: 3500000 | E13: 999999999 | F13: 999999999 | G13: 999999999 | H13: 999999999 | J13: 2035 | K13: 12 | L13: 5 | M13: 5 | N13: 5
... A31: 30 | B31: =budget_current!B31*budget_optimal!L31 -> 25206285 | C31: 6000000 | D31: 3500000 | E31: 999999999 | F31: 999999999 | G31: 999999999 | H31: 999999999 | J31: 2053 | K31: 30 | L31: 5 | M31: 5 | N31: 5
L33: This tableshows increase factors

Sheet budget_current
A1: period | B1: Rehab | C1: Resurfacing | D1: Pre-Repairs | E1: Maintenance | F1: BlockRep | G1: ConcRep | H1: Xtreat
A2: 1 | B2: 5041257 | C2: 3553943 | D2: =C2/2 -> 1776971.5 | E2: 999999999 | F2: 999999999 | G2: 999999999 | H2: 999999999
A3: 2 | B3: 5041257 | C3: 3553943 | D3: =C3/2 -> 1776971.5 | E3: 999999999 | F3: 999999999 | G3: 999999999 | H3: 999999999
A4: 3 | B4: 5041257 | C4: 3553943 | D4: =C4/2 -> 1776971.5 | E4: 999999999 | F4: 999999999 | G4: 999999999 | H4: 999999999
A5: 4 | B5: 5041257 | C5: 3553943 | D5: =C5/2 -> 1776971.5 | E5: 999999999 | F5: 999999999 | G5: 999999999 | H5: 999999999
A6: 5 | B6: 5041257 | C6: 3553943 | D6: =C6/2 -> 1776971.5 | E6: 999999999 | F6: 999999999 | G6: 999999999 | H6: 999999999
A7: 6 | B7: 5041257 | C7: 3553943 | D7: =C7/2 -> 1776971.5 | E7: 999999999 | F7: 999999999 | G7: 999999999 | H7: 999999999
A8: 7 | B8: 5041257 | C8: 3553943 | D8: =C8/2 -> 1776971.5 | E8: 999999999 | F8: 999999999 | G8: 999999999 | H8: 999999999
A9: 8 | B9: 5041257 | C9: 3553943 | D9: =C9/2 -> 1776971.5 | E9: 999999999 | F9: 999999999 | G9: 999999999 | H9: 999999999
A10: 9 | B10: 5041257 | C10: 3553943 | D10: =C10/2 -> 1776971.5 | E10: 999999999 | F10: 999999999 | G10: 999999999 | H10: 999999999
A11: 10 | B11: 5041257 | C11: 3553943 | D11: =C11/2 -> 1776971.5 | E11: 999999999 | F11: 999999999 | G11: 999999999 | H11: 999999999
A12: 11 | B12: 5041257 | C12: 3553943 | D12: =C12/2 -> 1776971.5 | E12: 999999999 | F12: 999999999 | G12: 999999999 | H12: 999999999
A13: 12 | B13: 5041257 | C13: 3553943 | D13: =C13/2 -> 1776971.5 | E13: 999999999 | F13: 999999999 | G13: 999999999 | H13: 999999999
... A36: 35 | B36: 5041257 | C36: 3553943 | D36: =C36/2 -> 1776971.5 | E36: 999999999 | F36: 999999999 | G36: 999999999 | H36: 999999999

Sheet budget_low
A1: period | B1: Rehab | C1: Resurfacing | D1: Pre-Repairs | E1: Maintenance | F1: BlockRep | G1: ConcRep | H1: Xtreat
A2: 1 | B2: =budget_current!B2*budget_low!B$38 -> 4033005.6 | C2: =budget_current!C2*budget_low!C$38 -> 2843154.4 | D2: =budget_current!D2*budget_low!D$38 -> 1421577.2 | E2: 999999999 | F2: 999999999 | G2: 999999999 | H2: 999999999
A3: 2 | B3: =budget_current!B3*budget_low!B$38 -> 4033005.6 | C3: =budget_current!C3*budget_low!C$38 -> 2843154.4 | D3: =budget_current!D3*budget_low!D$38 -> 1421577.2 | E3: 999999999 | F3: 999999999 | G3: 999999999 | H3: 999999999
A4: 3 | B4: =budget_current!B4*budget_low!B$38 -> 4033005.6 | C4: =budget_current!C4*budget_low!C$38 -> 2843154.4 | D4: =budget_current!D4*budget_low!D$38 -> 1421577.2 | E4: 999999999 | F4: 999999999 | G4: 999999999 | H4: 999999999
A5: 4 | B5: =budget_current!B5*budget_low!B$38 -> 4033005.6 | C5: =budget_current!C5*budget_low!C$38 -> 2843154.4 | D5: =budget_current!D5*budget_low!D$38 -> 1421577.2 | E5: 999999999 | F5: 999999999 | G5: 999999999 | H5: 999999999
A6: 5 | B6: =budget_current!B6*budget_low!B$38 -> 4033005.6 | C6: =budget_current!C6*budget_low!C$38 -> 2843154.4 | D6: =budget_current!D6*budget_low!D$38 -> 1421577.2 | E6: 999999999 | F6: 999999999 | G6: 999999999 | H6: 999999999
A7: 6 | B7: =budget_current!B7*budget_low!B$38 -> 4033005.6 | C7: =budget_current!C7*budget_low!C$38 -> 2843154.4 | D7: =budget_current!D7*budget_low!D$38 -> 1421577.2 | E7: 999999999 | F7: 999999999 | G7: 999999999 | H7: 999999999
A8: 7 | B8: =budget_current!B8*budget_low!B$38 -> 4033005.6 | C8: =budget_current!C8*budget_low!C$38 -> 2843154.4 | D8: =budget_current!D8*budget_low!D$38 -> 1421577.2 | E8: 999999999 | F8: 999999999 | G8: 999999999 | H8: 999999999
A9: 8 | B9: =budget_current!B9*budget_low!B$38 -> 4033005.6 | C9: =budget_current!C9*budget_low!C$38 -> 2843154.4 | D9: =budget_current!D9*budget_low!D$38 -> 1421577.2 | E9: 999999999 | F9: 999999999 | G9: 999999999 | H9: 999999999
A10: 9 | B10: =budget_current!B10*budget_low!B$38 -> 4033005.6 | C10: =budget_current!C10*budget_low!C$38 -> 2843154.4 | D10: =budget_current!D10*budget_low!D$38 -> 1421577.2 | E10: 999999999 | F10: 999999999 | G10: 999999999 | H10: 999999999
A11: 10 | B11: =budget_current!B11*budget_low!B$38 -> 4033005.6 | C11: =budget_current!C11*budget_low!C$38 -> 2843154.4 | D11: =budget_current!D11*budget_low!D$38 -> 1421577.2 | E11: 999999999 | F11: 999999999 | G11: 999999999 | H11: 999999999
A12: 11 | B12: =budget_current!B12*budget_low!B$38 -> 4033005.6 | C12: =budget_current!C12*budget_low!C$38 -> 2843154.4 | D12: =budget_current!D12*budget_low!D$38 -> 1421577.2 | E12: 999999999 | F12: 999999999 | G12: 999999999 | H12: 999999999
A13: 12 | B13: =budget_current!B13*budget_low!B$38 -> 4033005.6 | C13: =budget_current!C13*budget_low!C$38 -> 2843154.4 | D13: =budget_current!D13*budget_low!D$38 -> 1421577.2 | E13: 999999999 | F13: 999999999 | G13: 999999999 | H13: 999999999
... A36: 35 | B36: =budget_current!B36*budget_low!B$38 -> 4033005.6 | C36: =budget_current!C36*budget_low!C$38 -> 2843154.4 | D36: =budget_current!D36*budget_low!D$38 -> 1421577.2 | E36: 999999999 | F36: 999999999 | G36: 999999999 | H36: 999999999
B38: 0.8 | C38: 0.8 | D38: 0.8
